__run_id,__done,llm,code
run_0_repetition_0,DONE,chatgpt_temp_0.0,4
run_1_repetition_0,DONE,chatgpt_temp_0.0,61
run_2_repetition_0,DONE,chatgpt_temp_0.0,79
run_3_repetition_0,DONE,chatgpt_temp_0.0,63
run_4_repetition_0,DONE,chatgpt_temp_0.0,90
run_5_repetition_0,DONE,chatgpt_temp_0.0,53
run_6_repetition_0,DONE,chatgpt_temp_0.0,66
run_7_repetition_0,DONE,chatgpt_temp_0.0,52
run_8_repetition_0,DONE,chatgpt_temp_0.0,16
run_9_repetition_0,DONE,gpt-4_temp_0.0,4
run_10_repetition_0,DONE,gpt-4_temp_0.0,61
run_11_repetition_0,DONE,gpt-4_temp_0.0,79
run_12_repetition_0,DONE,gpt-4_temp_0.0,63
run_13_repetition_0,DONE,gpt-4_temp_0.0,90
run_14_repetition_0,DONE,gpt-4_temp_0.0,53
run_15_repetition_0,DONE,gpt-4_temp_0.0,66
run_16_repetition_0,DONE,gpt-4_temp_0.0,52
run_17_repetition_0,DONE,gpt-4_temp_0.0,16
run_18_repetition_0,DONE,deepseek-coder-33b-instruct_temp_0.0,4
run_19_repetition_0,DONE,deepseek-coder-33b-instruct_temp_0.0,61
run_20_repetition_0,DONE,deepseek-coder-33b-instruct_temp_0.0,79
run_21_repetition_0,DONE,deepseek-coder-33b-instruct_temp_0.0,63
run_22_repetition_0,DONE,deepseek-coder-33b-instruct_temp_0.0,90
run_23_repetition_0,DONE,deepseek-coder-33b-instruct_temp_0.0,53
run_24_repetition_0,DONE,deepseek-coder-33b-instruct_temp_0.0,66
run_25_repetition_0,DONE,deepseek-coder-33b-instruct_temp_0.0,52
run_26_repetition_0,DONE,deepseek-coder-33b-instruct_temp_0.0,16
run_0_repetition_1,DONE,chatgpt_temp_0.0,4
run_1_repetition_1,DONE,chatgpt_temp_0.0,61
run_2_repetition_1,DONE,chatgpt_temp_0.0,79
run_3_repetition_1,DONE,chatgpt_temp_0.0,63
run_4_repetition_1,DONE,chatgpt_temp_0.0,90
run_5_repetition_1,DONE,chatgpt_temp_0.0,53
run_6_repetition_1,DONE,chatgpt_temp_0.0,66
run_7_repetition_1,DONE,chatgpt_temp_0.0,52
run_8_repetition_1,DONE,chatgpt_temp_0.0,16
run_9_repetition_1,DONE,gpt-4_temp_0.0,4
run_10_repetition_1,DONE,gpt-4_temp_0.0,61
run_11_repetition_1,DONE,gpt-4_temp_0.0,79
run_12_repetition_1,DONE,gpt-4_temp_0.0,63
run_13_repetition_1,DONE,gpt-4_temp_0.0,90
run_14_repetition_1,DONE,gpt-4_temp_0.0,53
run_15_repetition_1,DONE,gpt-4_temp_0.0,66
run_16_repetition_1,DONE,gpt-4_temp_0.0,52
run_17_repetition_1,DONE,gpt-4_temp_0.0,16
run_18_repetition_1,DONE,deepseek-coder-33b-instruct_temp_0.0,4
run_19_repetition_1,DONE,deepseek-coder-33b-instruct_temp_0.0,61
run_20_repetition_1,DONE,deepseek-coder-33b-instruct_temp_0.0,79
run_21_repetition_1,DONE,deepseek-coder-33b-instruct_temp_0.0,63
run_22_repetition_1,DONE,deepseek-coder-33b-instruct_temp_0.0,90
run_23_repetition_1,DONE,deepseek-coder-33b-instruct_temp_0.0,53
run_24_repetition_1,DONE,deepseek-coder-33b-instruct_temp_0.0,66
run_25_repetition_1,DONE,deepseek-coder-33b-instruct_temp_0.0,52
run_26_repetition_1,DONE,deepseek-coder-33b-instruct_temp_0.0,16
run_0_repetition_2,DONE,chatgpt_temp_0.0,4
run_1_repetition_2,DONE,chatgpt_temp_0.0,61
run_2_repetition_2,DONE,chatgpt_temp_0.0,79
run_3_repetition_2,DONE,chatgpt_temp_0.0,63
run_4_repetition_2,DONE,chatgpt_temp_0.0,90
run_5_repetition_2,DONE,chatgpt_temp_0.0,53
run_6_repetition_2,DONE,chatgpt_temp_0.0,66
run_7_repetition_2,DONE,chatgpt_temp_0.0,52
run_8_repetition_2,DONE,chatgpt_temp_0.0,16
run_9_repetition_2,DONE,gpt-4_temp_0.0,4
run_10_repetition_2,DONE,gpt-4_temp_0.0,61
run_11_repetition_2,DONE,gpt-4_temp_0.0,79
run_12_repetition_2,DONE,gpt-4_temp_0.0,63
run_13_repetition_2,DONE,gpt-4_temp_0.0,90
run_14_repetition_2,DONE,gpt-4_temp_0.0,53
run_15_repetition_2,DONE,gpt-4_temp_0.0,66
run_16_repetition_2,DONE,gpt-4_temp_0.0,52
run_17_repetition_2,DONE,gpt-4_temp_0.0,16
run_18_repetition_2,DONE,deepseek-coder-33b-instruct_temp_0.0,4
run_19_repetition_2,DONE,deepseek-coder-33b-instruct_temp_0.0,61
run_20_repetition_2,DONE,deepseek-coder-33b-instruct_temp_0.0,79
run_21_repetition_2,DONE,deepseek-coder-33b-instruct_temp_0.0,63
run_22_repetition_2,DONE,deepseek-coder-33b-instruct_temp_0.0,90
run_23_repetition_2,DONE,deepseek-coder-33b-instruct_temp_0.0,53
run_24_repetition_2,DONE,deepseek-coder-33b-instruct_temp_0.0,66
run_25_repetition_2,DONE,deepseek-coder-33b-instruct_temp_0.0,52
run_26_repetition_2,DONE,deepseek-coder-33b-instruct_temp_0.0,16
run_0_repetition_3,DONE,chatgpt_temp_0.0,4
run_1_repetition_3,DONE,chatgpt_temp_0.0,61
run_2_repetition_3,DONE,chatgpt_temp_0.0,79
run_3_repetition_3,DONE,chatgpt_temp_0.0,63
run_4_repetition_3,DONE,chatgpt_temp_0.0,90
run_5_repetition_3,DONE,chatgpt_temp_0.0,53
run_6_repetition_3,DONE,chatgpt_temp_0.0,66
run_7_repetition_3,DONE,chatgpt_temp_0.0,52
run_8_repetition_3,DONE,chatgpt_temp_0.0,16
run_9_repetition_3,DONE,gpt-4_temp_0.0,4
run_10_repetition_3,DONE,gpt-4_temp_0.0,61
run_11_repetition_3,DONE,gpt-4_temp_0.0,79
run_12_repetition_3,DONE,gpt-4_temp_0.0,63
run_13_repetition_3,DONE,gpt-4_temp_0.0,90
run_14_repetition_3,DONE,gpt-4_temp_0.0,53
run_15_repetition_3,DONE,gpt-4_temp_0.0,66
run_16_repetition_3,DONE,gpt-4_temp_0.0,52
run_17_repetition_3,DONE,gpt-4_temp_0.0,16
run_18_repetition_3,DONE,deepseek-coder-33b-instruct_temp_0.0,4
run_19_repetition_3,DONE,deepseek-coder-33b-instruct_temp_0.0,61
run_20_repetition_3,DONE,deepseek-coder-33b-instruct_temp_0.0,79
run_21_repetition_3,DONE,deepseek-coder-33b-instruct_temp_0.0,63
run_22_repetition_3,DONE,deepseek-coder-33b-instruct_temp_0.0,90
run_23_repetition_3,DONE,deepseek-coder-33b-instruct_temp_0.0,53
run_24_repetition_3,DONE,deepseek-coder-33b-instruct_temp_0.0,66
run_25_repetition_3,DONE,deepseek-coder-33b-instruct_temp_0.0,52
run_26_repetition_3,DONE,deepseek-coder-33b-instruct_temp_0.0,16
run_0_repetition_4,DONE,chatgpt_temp_0.0,4
run_1_repetition_4,DONE,chatgpt_temp_0.0,61
run_2_repetition_4,DONE,chatgpt_temp_0.0,79
run_3_repetition_4,DONE,chatgpt_temp_0.0,63
run_4_repetition_4,DONE,chatgpt_temp_0.0,90
run_5_repetition_4,DONE,chatgpt_temp_0.0,53
run_6_repetition_4,DONE,chatgpt_temp_0.0,66
run_7_repetition_4,DONE,chatgpt_temp_0.0,52
run_8_repetition_4,DONE,chatgpt_temp_0.0,16
run_9_repetition_4,DONE,gpt-4_temp_0.0,4
run_10_repetition_4,DONE,gpt-4_temp_0.0,61
run_11_repetition_4,DONE,gpt-4_temp_0.0,79
run_12_repetition_4,DONE,gpt-4_temp_0.0,63
run_13_repetition_4,DONE,gpt-4_temp_0.0,90
run_14_repetition_4,DONE,gpt-4_temp_0.0,53
run_15_repetition_4,DONE,gpt-4_temp_0.0,66
run_16_repetition_4,DONE,gpt-4_temp_0.0,52
run_17_repetition_4,DONE,gpt-4_temp_0.0,16
run_18_repetition_4,DONE,deepseek-coder-33b-instruct_temp_0.0,4
run_19_repetition_4,DONE,deepseek-coder-33b-instruct_temp_0.0,61
run_20_repetition_4,DONE,deepseek-coder-33b-instruct_temp_0.0,79
run_21_repetition_4,DONE,deepseek-coder-33b-instruct_temp_0.0,63
run_22_repetition_4,DONE,deepseek-coder-33b-instruct_temp_0.0,90
run_23_repetition_4,DONE,deepseek-coder-33b-instruct_temp_0.0,53
run_24_repetition_4,DONE,deepseek-coder-33b-instruct_temp_0.0,66
run_25_repetition_4,DONE,deepseek-coder-33b-instruct_temp_0.0,52
run_26_repetition_4,DONE,deepseek-coder-33b-instruct_temp_0.0,16
run_0_repetition_5,DONE,chatgpt_temp_0.0,4
run_1_repetition_5,DONE,chatgpt_temp_0.0,61
run_2_repetition_5,DONE,chatgpt_temp_0.0,79
run_3_repetition_5,DONE,chatgpt_temp_0.0,63
run_4_repetition_5,DONE,chatgpt_temp_0.0,90
run_5_repetition_5,DONE,chatgpt_temp_0.0,53
run_6_repetition_5,DONE,chatgpt_temp_0.0,66
run_7_repetition_5,DONE,chatgpt_temp_0.0,52
run_8_repetition_5,DONE,chatgpt_temp_0.0,16
run_9_repetition_5,DONE,gpt-4_temp_0.0,4
run_10_repetition_5,DONE,gpt-4_temp_0.0,61
run_11_repetition_5,DONE,gpt-4_temp_0.0,79
run_12_repetition_5,DONE,gpt-4_temp_0.0,63
run_13_repetition_5,DONE,gpt-4_temp_0.0,90
run_14_repetition_5,DONE,gpt-4_temp_0.0,53
run_15_repetition_5,DONE,gpt-4_temp_0.0,66
run_16_repetition_5,DONE,gpt-4_temp_0.0,52
run_17_repetition_5,DONE,gpt-4_temp_0.0,16
run_18_repetition_5,DONE,deepseek-coder-33b-instruct_temp_0.0,4
run_19_repetition_5,DONE,deepseek-coder-33b-instruct_temp_0.0,61
run_20_repetition_5,DONE,deepseek-coder-33b-instruct_temp_0.0,79
run_21_repetition_5,DONE,deepseek-coder-33b-instruct_temp_0.0,63
run_22_repetition_5,DONE,deepseek-coder-33b-instruct_temp_0.0,90
run_23_repetition_5,DONE,deepseek-coder-33b-instruct_temp_0.0,53
run_24_repetition_5,DONE,deepseek-coder-33b-instruct_temp_0.0,66
run_25_repetition_5,DONE,deepseek-coder-33b-instruct_temp_0.0,52
run_26_repetition_5,DONE,deepseek-coder-33b-instruct_temp_0.0,16
run_0_repetition_6,DONE,chatgpt_temp_0.0,4
run_1_repetition_6,DONE,chatgpt_temp_0.0,61
run_2_repetition_6,DONE,chatgpt_temp_0.0,79
run_3_repetition_6,DONE,chatgpt_temp_0.0,63
run_4_repetition_6,DONE,chatgpt_temp_0.0,90
run_5_repetition_6,DONE,chatgpt_temp_0.0,53
run_6_repetition_6,DONE,chatgpt_temp_0.0,66
run_7_repetition_6,DONE,chatgpt_temp_0.0,52
run_8_repetition_6,DONE,chatgpt_temp_0.0,16
run_9_repetition_6,DONE,gpt-4_temp_0.0,4
run_10_repetition_6,DONE,gpt-4_temp_0.0,61
run_11_repetition_6,DONE,gpt-4_temp_0.0,79
run_12_repetition_6,DONE,gpt-4_temp_0.0,63
run_13_repetition_6,DONE,gpt-4_temp_0.0,90
run_14_repetition_6,DONE,gpt-4_temp_0.0,53
run_15_repetition_6,DONE,gpt-4_temp_0.0,66
run_16_repetition_6,DONE,gpt-4_temp_0.0,52
run_17_repetition_6,DONE,gpt-4_temp_0.0,16
run_18_repetition_6,DONE,deepseek-coder-33b-instruct_temp_0.0,4
run_19_repetition_6,DONE,deepseek-coder-33b-instruct_temp_0.0,61
run_20_repetition_6,DONE,deepseek-coder-33b-instruct_temp_0.0,79
run_21_repetition_6,DONE,deepseek-coder-33b-instruct_temp_0.0,63
run_22_repetition_6,DONE,deepseek-coder-33b-instruct_temp_0.0,90
run_23_repetition_6,DONE,deepseek-coder-33b-instruct_temp_0.0,53
run_24_repetition_6,DONE,deepseek-coder-33b-instruct_temp_0.0,66
run_25_repetition_6,DONE,deepseek-coder-33b-instruct_temp_0.0,52
run_26_repetition_6,DONE,deepseek-coder-33b-instruct_temp_0.0,16
run_0_repetition_7,DONE,chatgpt_temp_0.0,4
run_1_repetition_7,DONE,chatgpt_temp_0.0,61
run_2_repetition_7,DONE,chatgpt_temp_0.0,79
run_3_repetition_7,DONE,chatgpt_temp_0.0,63
run_4_repetition_7,DONE,chatgpt_temp_0.0,90
run_5_repetition_7,DONE,chatgpt_temp_0.0,53
run_6_repetition_7,DONE,chatgpt_temp_0.0,66
run_7_repetition_7,DONE,chatgpt_temp_0.0,52
run_8_repetition_7,DONE,chatgpt_temp_0.0,16
run_9_repetition_7,DONE,gpt-4_temp_0.0,4
run_10_repetition_7,DONE,gpt-4_temp_0.0,61
run_11_repetition_7,DONE,gpt-4_temp_0.0,79
run_12_repetition_7,DONE,gpt-4_temp_0.0,63
run_13_repetition_7,DONE,gpt-4_temp_0.0,90
run_14_repetition_7,DONE,gpt-4_temp_0.0,53
run_15_repetition_7,DONE,gpt-4_temp_0.0,66
run_16_repetition_7,DONE,gpt-4_temp_0.0,52
run_17_repetition_7,DONE,gpt-4_temp_0.0,16
run_18_repetition_7,DONE,deepseek-coder-33b-instruct_temp_0.0,4
run_19_repetition_7,DONE,deepseek-coder-33b-instruct_temp_0.0,61
run_20_repetition_7,DONE,deepseek-coder-33b-instruct_temp_0.0,79
run_21_repetition_7,DONE,deepseek-coder-33b-instruct_temp_0.0,63
run_22_repetition_7,DONE,deepseek-coder-33b-instruct_temp_0.0,90
run_23_repetition_7,DONE,deepseek-coder-33b-instruct_temp_0.0,53
run_24_repetition_7,DONE,deepseek-coder-33b-instruct_temp_0.0,66
run_25_repetition_7,DONE,deepseek-coder-33b-instruct_temp_0.0,52
run_26_repetition_7,DONE,deepseek-coder-33b-instruct_temp_0.0,16
run_0_repetition_8,DONE,chatgpt_temp_0.0,4
run_1_repetition_8,DONE,chatgpt_temp_0.0,61
run_2_repetition_8,DONE,chatgpt_temp_0.0,79
run_3_repetition_8,DONE,chatgpt_temp_0.0,63
run_4_repetition_8,DONE,chatgpt_temp_0.0,90
run_5_repetition_8,DONE,chatgpt_temp_0.0,53
run_6_repetition_8,DONE,chatgpt_temp_0.0,66
run_7_repetition_8,DONE,chatgpt_temp_0.0,52
run_8_repetition_8,DONE,chatgpt_temp_0.0,16
run_9_repetition_8,DONE,gpt-4_temp_0.0,4
run_10_repetition_8,DONE,gpt-4_temp_0.0,61
run_11_repetition_8,DONE,gpt-4_temp_0.0,79
run_12_repetition_8,DONE,gpt-4_temp_0.0,63
run_13_repetition_8,DONE,gpt-4_temp_0.0,90
run_14_repetition_8,DONE,gpt-4_temp_0.0,53
run_15_repetition_8,DONE,gpt-4_temp_0.0,66
run_16_repetition_8,DONE,gpt-4_temp_0.0,52
run_17_repetition_8,DONE,gpt-4_temp_0.0,16
run_18_repetition_8,DONE,deepseek-coder-33b-instruct_temp_0.0,4
run_19_repetition_8,DONE,deepseek-coder-33b-instruct_temp_0.0,61
run_20_repetition_8,DONE,deepseek-coder-33b-instruct_temp_0.0,79
run_21_repetition_8,DONE,deepseek-coder-33b-instruct_temp_0.0,63
run_22_repetition_8,DONE,deepseek-coder-33b-instruct_temp_0.0,90
run_23_repetition_8,DONE,deepseek-coder-33b-instruct_temp_0.0,53
run_24_repetition_8,DONE,deepseek-coder-33b-instruct_temp_0.0,66
run_25_repetition_8,DONE,deepseek-coder-33b-instruct_temp_0.0,52
run_26_repetition_8,DONE,deepseek-coder-33b-instruct_temp_0.0,16
run_0_repetition_9,DONE,chatgpt_temp_0.0,4
run_1_repetition_9,DONE,chatgpt_temp_0.0,61
run_2_repetition_9,DONE,chatgpt_temp_0.0,79
run_3_repetition_9,DONE,chatgpt_temp_0.0,63
run_4_repetition_9,DONE,chatgpt_temp_0.0,90
run_5_repetition_9,DONE,chatgpt_temp_0.0,53
run_6_repetition_9,DONE,chatgpt_temp_0.0,66
run_7_repetition_9,DONE,chatgpt_temp_0.0,52
run_8_repetition_9,DONE,chatgpt_temp_0.0,16
run_9_repetition_9,DONE,gpt-4_temp_0.0,4
run_10_repetition_9,DONE,gpt-4_temp_0.0,61
run_11_repetition_9,DONE,gpt-4_temp_0.0,79
run_12_repetition_9,DONE,gpt-4_temp_0.0,63
run_13_repetition_9,DONE,gpt-4_temp_0.0,90
run_14_repetition_9,DONE,gpt-4_temp_0.0,53
run_15_repetition_9,DONE,gpt-4_temp_0.0,66
run_16_repetition_9,DONE,gpt-4_temp_0.0,52
run_17_repetition_9,DONE,gpt-4_temp_0.0,16
run_18_repetition_9,DONE,deepseek-coder-33b-instruct_temp_0.0,4
run_19_repetition_9,DONE,deepseek-coder-33b-instruct_temp_0.0,61
run_20_repetition_9,DONE,deepseek-coder-33b-instruct_temp_0.0,79
run_21_repetition_9,DONE,deepseek-coder-33b-instruct_temp_0.0,63
run_22_repetition_9,DONE,deepseek-coder-33b-instruct_temp_0.0,90
run_23_repetition_9,DONE,deepseek-coder-33b-instruct_temp_0.0,53
run_24_repetition_9,DONE,deepseek-coder-33b-instruct_temp_0.0,66
run_25_repetition_9,DONE,deepseek-coder-33b-instruct_temp_0.0,52
run_26_repetition_9,DONE,deepseek-coder-33b-instruct_temp_0.0,16
run_0_repetition_10,DONE,chatgpt_temp_0.0,4
run_1_repetition_10,DONE,chatgpt_temp_0.0,61
run_2_repetition_10,DONE,chatgpt_temp_0.0,79
run_3_repetition_10,DONE,chatgpt_temp_0.0,63
run_4_repetition_10,DONE,chatgpt_temp_0.0,90
run_5_repetition_10,DONE,chatgpt_temp_0.0,53
run_6_repetition_10,DONE,chatgpt_temp_0.0,66
run_7_repetition_10,DONE,chatgpt_temp_0.0,52
run_8_repetition_10,DONE,chatgpt_temp_0.0,16
run_9_repetition_10,DONE,gpt-4_temp_0.0,4
run_10_repetition_10,DONE,gpt-4_temp_0.0,61
run_11_repetition_10,DONE,gpt-4_temp_0.0,79
run_12_repetition_10,DONE,gpt-4_temp_0.0,63
run_13_repetition_10,DONE,gpt-4_temp_0.0,90
run_14_repetition_10,DONE,gpt-4_temp_0.0,53
run_15_repetition_10,DONE,gpt-4_temp_0.0,66
run_16_repetition_10,DONE,gpt-4_temp_0.0,52
run_17_repetition_10,DONE,gpt-4_temp_0.0,16
run_18_repetition_10,DONE,deepseek-coder-33b-instruct_temp_0.0,4
run_19_repetition_10,DONE,deepseek-coder-33b-instruct_temp_0.0,61
run_20_repetition_10,DONE,deepseek-coder-33b-instruct_temp_0.0,79
run_21_repetition_10,DONE,deepseek-coder-33b-instruct_temp_0.0,63
run_22_repetition_10,DONE,deepseek-coder-33b-instruct_temp_0.0,90
run_23_repetition_10,DONE,deepseek-coder-33b-instruct_temp_0.0,53
run_24_repetition_10,DONE,deepseek-coder-33b-instruct_temp_0.0,66
run_25_repetition_10,DONE,deepseek-coder-33b-instruct_temp_0.0,52
run_26_repetition_10,DONE,deepseek-coder-33b-instruct_temp_0.0,16
run_0_repetition_11,DONE,chatgpt_temp_0.0,4
run_1_repetition_11,DONE,chatgpt_temp_0.0,61
run_2_repetition_11,DONE,chatgpt_temp_0.0,79
run_3_repetition_11,DONE,chatgpt_temp_0.0,63
run_4_repetition_11,DONE,chatgpt_temp_0.0,90
run_5_repetition_11,DONE,chatgpt_temp_0.0,53
run_6_repetition_11,DONE,chatgpt_temp_0.0,66
run_7_repetition_11,DONE,chatgpt_temp_0.0,52
run_8_repetition_11,DONE,chatgpt_temp_0.0,16
run_9_repetition_11,DONE,gpt-4_temp_0.0,4
run_10_repetition_11,DONE,gpt-4_temp_0.0,61
run_11_repetition_11,DONE,gpt-4_temp_0.0,79
run_12_repetition_11,DONE,gpt-4_temp_0.0,63
run_13_repetition_11,DONE,gpt-4_temp_0.0,90
run_14_repetition_11,DONE,gpt-4_temp_0.0,53
run_15_repetition_11,DONE,gpt-4_temp_0.0,66
run_16_repetition_11,DONE,gpt-4_temp_0.0,52
run_17_repetition_11,DONE,gpt-4_temp_0.0,16
run_18_repetition_11,DONE,deepseek-coder-33b-instruct_temp_0.0,4
run_19_repetition_11,DONE,deepseek-coder-33b-instruct_temp_0.0,61
run_20_repetition_11,DONE,deepseek-coder-33b-instruct_temp_0.0,79
run_21_repetition_11,DONE,deepseek-coder-33b-instruct_temp_0.0,63
run_22_repetition_11,DONE,deepseek-coder-33b-instruct_temp_0.0,90
run_23_repetition_11,DONE,deepseek-coder-33b-instruct_temp_0.0,53
run_24_repetition_11,DONE,deepseek-coder-33b-instruct_temp_0.0,66
run_25_repetition_11,DONE,deepseek-coder-33b-instruct_temp_0.0,52
run_26_repetition_11,DONE,deepseek-coder-33b-instruct_temp_0.0,16
run_0_repetition_12,DONE,chatgpt_temp_0.0,4
run_1_repetition_12,DONE,chatgpt_temp_0.0,61
run_2_repetition_12,DONE,chatgpt_temp_0.0,79
run_3_repetition_12,DONE,chatgpt_temp_0.0,63
run_4_repetition_12,DONE,chatgpt_temp_0.0,90
run_5_repetition_12,DONE,chatgpt_temp_0.0,53
run_6_repetition_12,DONE,chatgpt_temp_0.0,66
run_7_repetition_12,DONE,chatgpt_temp_0.0,52
run_8_repetition_12,DONE,chatgpt_temp_0.0,16
run_9_repetition_12,DONE,gpt-4_temp_0.0,4
run_10_repetition_12,DONE,gpt-4_temp_0.0,61
run_11_repetition_12,DONE,gpt-4_temp_0.0,79
run_12_repetition_12,TODO,gpt-4_temp_0.0,63
run_13_repetition_12,TODO,gpt-4_temp_0.0,90
run_14_repetition_12,TODO,gpt-4_temp_0.0,53
run_15_repetition_12,TODO,gpt-4_temp_0.0,66
run_16_repetition_12,TODO,gpt-4_temp_0.0,52
run_17_repetition_12,TODO,gpt-4_temp_0.0,16
run_18_repetition_12,TODO,deepseek-coder-33b-instruct_temp_0.0,4
run_19_repetition_12,TODO,deepseek-coder-33b-instruct_temp_0.0,61
run_20_repetition_12,TODO,deepseek-coder-33b-instruct_temp_0.0,79
run_21_repetition_12,TODO,deepseek-coder-33b-instruct_temp_0.0,63
run_22_repetition_12,TODO,deepseek-coder-33b-instruct_temp_0.0,90
run_23_repetition_12,TODO,deepseek-coder-33b-instruct_temp_0.0,53
run_24_repetition_12,TODO,deepseek-coder-33b-instruct_temp_0.0,66
run_25_repetition_12,TODO,deepseek-coder-33b-instruct_temp_0.0,52
run_26_repetition_12,TODO,deepseek-coder-33b-instruct_temp_0.0,16
run_0_repetition_13,TODO,chatgpt_temp_0.0,4
run_1_repetition_13,TODO,chatgpt_temp_0.0,61
run_2_repetition_13,TODO,chatgpt_temp_0.0,79
run_3_repetition_13,TODO,chatgpt_temp_0.0,63
run_4_repetition_13,TODO,chatgpt_temp_0.0,90
run_5_repetition_13,TODO,chatgpt_temp_0.0,53
run_6_repetition_13,TODO,chatgpt_temp_0.0,66
run_7_repetition_13,TODO,chatgpt_temp_0.0,52
run_8_repetition_13,TODO,chatgpt_temp_0.0,16
run_9_repetition_13,TODO,gpt-4_temp_0.0,4
run_10_repetition_13,TODO,gpt-4_temp_0.0,61
run_11_repetition_13,TODO,gpt-4_temp_0.0,79
run_12_repetition_13,TODO,gpt-4_temp_0.0,63
run_13_repetition_13,TODO,gpt-4_temp_0.0,90
run_14_repetition_13,TODO,gpt-4_temp_0.0,53
run_15_repetition_13,TODO,gpt-4_temp_0.0,66
run_16_repetition_13,TODO,gpt-4_temp_0.0,52
run_17_repetition_13,TODO,gpt-4_temp_0.0,16
run_18_repetition_13,TODO,deepseek-coder-33b-instruct_temp_0.0,4
run_19_repetition_13,TODO,deepseek-coder-33b-instruct_temp_0.0,61
run_20_repetition_13,TODO,deepseek-coder-33b-instruct_temp_0.0,79
run_21_repetition_13,TODO,deepseek-coder-33b-instruct_temp_0.0,63
run_22_repetition_13,TODO,deepseek-coder-33b-instruct_temp_0.0,90
run_23_repetition_13,TODO,deepseek-coder-33b-instruct_temp_0.0,53
run_24_repetition_13,TODO,deepseek-coder-33b-instruct_temp_0.0,66
run_25_repetition_13,TODO,deepseek-coder-33b-instruct_temp_0.0,52
run_26_repetition_13,TODO,deepseek-coder-33b-instruct_temp_0.0,16
run_0_repetition_14,TODO,chatgpt_temp_0.0,4
run_1_repetition_14,TODO,chatgpt_temp_0.0,61
run_2_repetition_14,TODO,chatgpt_temp_0.0,79
run_3_repetition_14,TODO,chatgpt_temp_0.0,63
run_4_repetition_14,TODO,chatgpt_temp_0.0,90
run_5_repetition_14,TODO,chatgpt_temp_0.0,53
run_6_repetition_14,TODO,chatgpt_temp_0.0,66
run_7_repetition_14,TODO,chatgpt_temp_0.0,52
run_8_repetition_14,TODO,chatgpt_temp_0.0,16
run_9_repetition_14,TODO,gpt-4_temp_0.0,4
run_10_repetition_14,TODO,gpt-4_temp_0.0,61
run_11_repetition_14,TODO,gpt-4_temp_0.0,79
run_12_repetition_14,TODO,gpt-4_temp_0.0,63
run_13_repetition_14,TODO,gpt-4_temp_0.0,90
run_14_repetition_14,TODO,gpt-4_temp_0.0,53
run_15_repetition_14,TODO,gpt-4_temp_0.0,66
run_16_repetition_14,TODO,gpt-4_temp_0.0,52
run_17_repetition_14,TODO,gpt-4_temp_0.0,16
run_18_repetition_14,TODO,deepseek-coder-33b-instruct_temp_0.0,4
run_19_repetition_14,TODO,deepseek-coder-33b-instruct_temp_0.0,61
run_20_repetition_14,TODO,deepseek-coder-33b-instruct_temp_0.0,79
run_21_repetition_14,TODO,deepseek-coder-33b-instruct_temp_0.0,63
run_22_repetition_14,TODO,deepseek-coder-33b-instruct_temp_0.0,90
run_23_repetition_14,TODO,deepseek-coder-33b-instruct_temp_0.0,53
run_24_repetition_14,TODO,deepseek-coder-33b-instruct_temp_0.0,66
run_25_repetition_14,TODO,deepseek-coder-33b-instruct_temp_0.0,52
run_26_repetition_14,TODO,deepseek-coder-33b-instruct_temp_0.0,16
run_0_repetition_15,TODO,chatgpt_temp_0.0,4
run_1_repetition_15,TODO,chatgpt_temp_0.0,61
run_2_repetition_15,TODO,chatgpt_temp_0.0,79
run_3_repetition_15,TODO,chatgpt_temp_0.0,63
run_4_repetition_15,TODO,chatgpt_temp_0.0,90
run_5_repetition_15,TODO,chatgpt_temp_0.0,53
run_6_repetition_15,TODO,chatgpt_temp_0.0,66
run_7_repetition_15,TODO,chatgpt_temp_0.0,52
run_8_repetition_15,TODO,chatgpt_temp_0.0,16
run_9_repetition_15,TODO,gpt-4_temp_0.0,4
run_10_repetition_15,TODO,gpt-4_temp_0.0,61
run_11_repetition_15,TODO,gpt-4_temp_0.0,79
run_12_repetition_15,TODO,gpt-4_temp_0.0,63
run_13_repetition_15,TODO,gpt-4_temp_0.0,90
run_14_repetition_15,TODO,gpt-4_temp_0.0,53
run_15_repetition_15,TODO,gpt-4_temp_0.0,66
run_16_repetition_15,TODO,gpt-4_temp_0.0,52
run_17_repetition_15,TODO,gpt-4_temp_0.0,16
run_18_repetition_15,TODO,deepseek-coder-33b-instruct_temp_0.0,4
run_19_repetition_15,TODO,deepseek-coder-33b-instruct_temp_0.0,61
run_20_repetition_15,TODO,deepseek-coder-33b-instruct_temp_0.0,79
run_21_repetition_15,TODO,deepseek-coder-33b-instruct_temp_0.0,63
run_22_repetition_15,TODO,deepseek-coder-33b-instruct_temp_0.0,90
run_23_repetition_15,TODO,deepseek-coder-33b-instruct_temp_0.0,53
run_24_repetition_15,TODO,deepseek-coder-33b-instruct_temp_0.0,66
run_25_repetition_15,TODO,deepseek-coder-33b-instruct_temp_0.0,52
run_26_repetition_15,TODO,deepseek-coder-33b-instruct_temp_0.0,16
run_0_repetition_16,TODO,chatgpt_temp_0.0,4
run_1_repetition_16,TODO,chatgpt_temp_0.0,61
run_2_repetition_16,TODO,chatgpt_temp_0.0,79
run_3_repetition_16,TODO,chatgpt_temp_0.0,63
run_4_repetition_16,TODO,chatgpt_temp_0.0,90
run_5_repetition_16,TODO,chatgpt_temp_0.0,53
run_6_repetition_16,TODO,chatgpt_temp_0.0,66
run_7_repetition_16,TODO,chatgpt_temp_0.0,52
run_8_repetition_16,TODO,chatgpt_temp_0.0,16
run_9_repetition_16,TODO,gpt-4_temp_0.0,4
run_10_repetition_16,TODO,gpt-4_temp_0.0,61
run_11_repetition_16,TODO,gpt-4_temp_0.0,79
run_12_repetition_16,TODO,gpt-4_temp_0.0,63
run_13_repetition_16,TODO,gpt-4_temp_0.0,90
run_14_repetition_16,TODO,gpt-4_temp_0.0,53
run_15_repetition_16,TODO,gpt-4_temp_0.0,66
run_16_repetition_16,TODO,gpt-4_temp_0.0,52
run_17_repetition_16,TODO,gpt-4_temp_0.0,16
run_18_repetition_16,TODO,deepseek-coder-33b-instruct_temp_0.0,4
run_19_repetition_16,TODO,deepseek-coder-33b-instruct_temp_0.0,61
run_20_repetition_16,TODO,deepseek-coder-33b-instruct_temp_0.0,79
run_21_repetition_16,TODO,deepseek-coder-33b-instruct_temp_0.0,63
run_22_repetition_16,TODO,deepseek-coder-33b-instruct_temp_0.0,90
run_23_repetition_16,TODO,deepseek-coder-33b-instruct_temp_0.0,53
run_24_repetition_16,TODO,deepseek-coder-33b-instruct_temp_0.0,66
run_25_repetition_16,TODO,deepseek-coder-33b-instruct_temp_0.0,52
run_26_repetition_16,TODO,deepseek-coder-33b-instruct_temp_0.0,16
run_0_repetition_17,TODO,chatgpt_temp_0.0,4
run_1_repetition_17,TODO,chatgpt_temp_0.0,61
run_2_repetition_17,TODO,chatgpt_temp_0.0,79
run_3_repetition_17,TODO,chatgpt_temp_0.0,63
run_4_repetition_17,TODO,chatgpt_temp_0.0,90
run_5_repetition_17,TODO,chatgpt_temp_0.0,53
run_6_repetition_17,TODO,chatgpt_temp_0.0,66
run_7_repetition_17,TODO,chatgpt_temp_0.0,52
run_8_repetition_17,TODO,chatgpt_temp_0.0,16
run_9_repetition_17,TODO,gpt-4_temp_0.0,4
run_10_repetition_17,TODO,gpt-4_temp_0.0,61
run_11_repetition_17,TODO,gpt-4_temp_0.0,79
run_12_repetition_17,TODO,gpt-4_temp_0.0,63
run_13_repetition_17,TODO,gpt-4_temp_0.0,90
run_14_repetition_17,TODO,gpt-4_temp_0.0,53
run_15_repetition_17,TODO,gpt-4_temp_0.0,66
run_16_repetition_17,TODO,gpt-4_temp_0.0,52
run_17_repetition_17,TODO,gpt-4_temp_0.0,16
run_18_repetition_17,TODO,deepseek-coder-33b-instruct_temp_0.0,4
run_19_repetition_17,TODO,deepseek-coder-33b-instruct_temp_0.0,61
run_20_repetition_17,TODO,deepseek-coder-33b-instruct_temp_0.0,79
run_21_repetition_17,TODO,deepseek-coder-33b-instruct_temp_0.0,63
run_22_repetition_17,TODO,deepseek-coder-33b-instruct_temp_0.0,90
run_23_repetition_17,TODO,deepseek-coder-33b-instruct_temp_0.0,53
run_24_repetition_17,TODO,deepseek-coder-33b-instruct_temp_0.0,66
run_25_repetition_17,TODO,deepseek-coder-33b-instruct_temp_0.0,52
run_26_repetition_17,TODO,deepseek-coder-33b-instruct_temp_0.0,16
run_0_repetition_18,TODO,chatgpt_temp_0.0,4
run_1_repetition_18,TODO,chatgpt_temp_0.0,61
run_2_repetition_18,TODO,chatgpt_temp_0.0,79
run_3_repetition_18,TODO,chatgpt_temp_0.0,63
run_4_repetition_18,TODO,chatgpt_temp_0.0,90
run_5_repetition_18,TODO,chatgpt_temp_0.0,53
run_6_repetition_18,TODO,chatgpt_temp_0.0,66
run_7_repetition_18,TODO,chatgpt_temp_0.0,52
run_8_repetition_18,TODO,chatgpt_temp_0.0,16
run_9_repetition_18,TODO,gpt-4_temp_0.0,4
run_10_repetition_18,TODO,gpt-4_temp_0.0,61
run_11_repetition_18,TODO,gpt-4_temp_0.0,79
run_12_repetition_18,TODO,gpt-4_temp_0.0,63
run_13_repetition_18,TODO,gpt-4_temp_0.0,90
run_14_repetition_18,TODO,gpt-4_temp_0.0,53
run_15_repetition_18,TODO,gpt-4_temp_0.0,66
run_16_repetition_18,TODO,gpt-4_temp_0.0,52
run_17_repetition_18,TODO,gpt-4_temp_0.0,16
run_18_repetition_18,TODO,deepseek-coder-33b-instruct_temp_0.0,4
run_19_repetition_18,TODO,deepseek-coder-33b-instruct_temp_0.0,61
run_20_repetition_18,TODO,deepseek-coder-33b-instruct_temp_0.0,79
run_21_repetition_18,TODO,deepseek-coder-33b-instruct_temp_0.0,63
run_22_repetition_18,TODO,deepseek-coder-33b-instruct_temp_0.0,90
run_23_repetition_18,TODO,deepseek-coder-33b-instruct_temp_0.0,53
run_24_repetition_18,TODO,deepseek-coder-33b-instruct_temp_0.0,66
run_25_repetition_18,TODO,deepseek-coder-33b-instruct_temp_0.0,52
run_26_repetition_18,TODO,deepseek-coder-33b-instruct_temp_0.0,16
run_0_repetition_19,TODO,chatgpt_temp_0.0,4
run_1_repetition_19,TODO,chatgpt_temp_0.0,61
run_2_repetition_19,TODO,chatgpt_temp_0.0,79
run_3_repetition_19,TODO,chatgpt_temp_0.0,63
run_4_repetition_19,TODO,chatgpt_temp_0.0,90
run_5_repetition_19,TODO,chatgpt_temp_0.0,53
run_6_repetition_19,TODO,chatgpt_temp_0.0,66
run_7_repetition_19,TODO,chatgpt_temp_0.0,52
run_8_repetition_19,TODO,chatgpt_temp_0.0,16
run_9_repetition_19,TODO,gpt-4_temp_0.0,4
run_10_repetition_19,TODO,gpt-4_temp_0.0,61
run_11_repetition_19,TODO,gpt-4_temp_0.0,79
run_12_repetition_19,TODO,gpt-4_temp_0.0,63
run_13_repetition_19,TODO,gpt-4_temp_0.0,90
run_14_repetition_19,TODO,gpt-4_temp_0.0,53
run_15_repetition_19,TODO,gpt-4_temp_0.0,66
run_16_repetition_19,TODO,gpt-4_temp_0.0,52
run_17_repetition_19,TODO,gpt-4_temp_0.0,16
run_18_repetition_19,TODO,deepseek-coder-33b-instruct_temp_0.0,4
run_19_repetition_19,TODO,deepseek-coder-33b-instruct_temp_0.0,61
run_20_repetition_19,TODO,deepseek-coder-33b-instruct_temp_0.0,79
run_21_repetition_19,TODO,deepseek-coder-33b-instruct_temp_0.0,63
run_22_repetition_19,TODO,deepseek-coder-33b-instruct_temp_0.0,90
run_23_repetition_19,TODO,deepseek-coder-33b-instruct_temp_0.0,53
run_24_repetition_19,TODO,deepseek-coder-33b-instruct_temp_0.0,66
run_25_repetition_19,TODO,deepseek-coder-33b-instruct_temp_0.0,52
run_26_repetition_19,TODO,deepseek-coder-33b-instruct_temp_0.0,16
run_0_repetition_20,TODO,chatgpt_temp_0.0,4
run_1_repetition_20,TODO,chatgpt_temp_0.0,61
run_2_repetition_20,TODO,chatgpt_temp_0.0,79
run_3_repetition_20,TODO,chatgpt_temp_0.0,63
run_4_repetition_20,TODO,chatgpt_temp_0.0,90
run_5_repetition_20,TODO,chatgpt_temp_0.0,53
run_6_repetition_20,TODO,chatgpt_temp_0.0,66
run_7_repetition_20,TODO,chatgpt_temp_0.0,52
run_8_repetition_20,TODO,chatgpt_temp_0.0,16
run_9_repetition_20,TODO,gpt-4_temp_0.0,4
run_10_repetition_20,TODO,gpt-4_temp_0.0,61
run_11_repetition_20,TODO,gpt-4_temp_0.0,79
run_12_repetition_20,TODO,gpt-4_temp_0.0,63
run_13_repetition_20,TODO,gpt-4_temp_0.0,90
run_14_repetition_20,TODO,gpt-4_temp_0.0,53
run_15_repetition_20,TODO,gpt-4_temp_0.0,66
run_16_repetition_20,TODO,gpt-4_temp_0.0,52
run_17_repetition_20,TODO,gpt-4_temp_0.0,16
run_18_repetition_20,TODO,deepseek-coder-33b-instruct_temp_0.0,4
run_19_repetition_20,TODO,deepseek-coder-33b-instruct_temp_0.0,61
run_20_repetition_20,TODO,deepseek-coder-33b-instruct_temp_0.0,79
run_21_repetition_20,TODO,deepseek-coder-33b-instruct_temp_0.0,63
run_22_repetition_20,TODO,deepseek-coder-33b-instruct_temp_0.0,90
run_23_repetition_20,TODO,deepseek-coder-33b-instruct_temp_0.0,53
run_24_repetition_20,TODO,deepseek-coder-33b-instruct_temp_0.0,66
run_25_repetition_20,TODO,deepseek-coder-33b-instruct_temp_0.0,52
run_26_repetition_20,TODO,deepseek-coder-33b-instruct_temp_0.0,16
